round,slice,frame,object_ref,cell,what,why,severity,owner,rule_id,evidence,action,rules_version,note
calib,C0,adasind_019560.jpg,L1,na,SPURIOUS,E1_annotator_error,P1,annotator,R03,"assets/images/adasind_019560.jpg; submission/p1_calib/compare.html; submission/p1_calib/annotations.xml; L1 Pedestrian (455,734)-(535,896) và L2 Bike (420,782)-(528,918)",rework,v1.0.0,Người áo đỏ đang ngồi lái motor bị tách thành L1 Pedestrian và L2 Bike. Theo R03 cần một box Bike bao phần nhìn thấy của cả người và xe. Đề xuất bỏ box Pedestrian riêng và chỉnh box Bike. Bản C0 đã khóa chưa được sửa.
calib,C0,adasind_019560.jpg,L4,na,SPURIOUS,E5_unresolved,P1,qa,R03,"assets/images/adasind_019560.jpg; submission/p1_calib/compare.html; submission/p1_calib/annotations.xml; L4 Bike (595,778)-(670,842) nằm trong L5 Bike (594,741)-(728,910)",escalate,v1.0.0,L4/L5 chồng nhau quanh người áo vàng và xe đạp. Ảnh có vùng làm mờ nên chưa chốt người đang ngồi xe hay dắt xe. Cần người soát phóng to ảnh và đối chiếu R03: rider dùng một Bike; người dắt xe dùng Pedestrian và Bike riêng. Không xóa box chỉ vì reference không có L4.
calib,C0,adasind_019560.jpg,L8,na,SPURIOUS,E1_annotator_error,P0,annotator,R07,"assets/images/adasind_019560.jpg; submission/p1_calib/compare.html; submission/p1_calib/annotations.xml; L8 là box ignore_region reason=ego_body (0,1062)-(146,1568); hai polygon hiện có đều reason=lens_border",rework,v1.0.0,"Ego body ở mép trái dưới đã được vẽ bằng rectangle. R07 yêu cầu polygon ego_body theo phần xe nhìn thấy; R06 yêu cầu reason hợp lệ. SPURIOUS là WHAT máy sinh, vấn đề cần sửa là cấu trúc/phạm vi ignore theo R10. Đề xuất thay rectangle bằng polygon, không lấn mặt đường. Bản khóa chưa được sửa."
r2_qa,B3-edge,adasind_199770.jpg,P4,L_only,IGNORE_SCOPE,,P0,,R07,assets/images/adasind_199770.jpg; submission/r1_craft/annotations.xml; submission/r2_qa/qa_review.md,,v1.0.0,Polygon ego_body ben phai x926-1080 y813-1555 phu phuong tien khac; can kiem pham vi tren CVAT.
r2_qa,B3-edge,adasind_199770.jpg,L7,L_only,SPURIOUS,,P1,,R01,assets/images/adasind_199770.jpg; submission/r1_craft/annotations.xml; submission/r2_qa/qa_review.md,,v1.0.0,"Pedestrian L7 cao 34.70 px, duoi H=40; kiem lai phan nhin thay va loai box neu khong du nguong."
r2_qa,B3-edge,adasind_199770.jpg,L8+L9,L_only,DUPLICATE,,,,R03,assets/images/adasind_199770.jpg; submission/r1_craft/annotations.xml; submission/r2_qa/qa_review.md,,v1.0.0,"Hai Bike chong nhau o mep trai; can phong to xac nhan hai xe/rider rieng, chua ket luan trung."
r1_craft,B3-edge,adasind_128310.jpg,R4,na,MISSING,,,,,,,,
r1_craft,B3-edge,adasind_199770.jpg,L3+R9,na,BOX_GEOMETRY,,,,,,,,
r1_craft,B3-edge,adasind_199770.jpg,L6,na,SPURIOUS,,,,,,,,
r1_craft,B3-edge,adasind_199770.jpg,L8+R6,na,BOX_GEOMETRY,,,,,,,,
r1_craft,B3-edge,adasind_199770.jpg,L9,na,SPURIOUS,,,,,,,,
r1_craft,B3-edge,adasind_199770.jpg,R3,na,MISSING,,,,,,,,
r1_craft,B3-edge,adasind_199770.jpg,R4,na,MISSING,,,,,,,,
r3_diag,B3-edge,adasind_123090.jpg,M3,M_only,SPURIOUS,E4_model_domain,P1,ai_team,R03,assets/images/adasind_123090.jpg; submission/r3_diag/model_compare.html; submission/r1_craft/compare.html; submission/r3_diag/local_quality_conflicts.csv,keep_with_reason,v1.0.0,"Chan doan Codex sau QA: M3 Pedestrian nam tren rider L1/R3 Bike; model da co M4 Bike. Kiem nhu mot ca tach rider, doi chieu them M6."
r3_diag,B3-edge,adasind_123090.jpg,M6,M_only,SPURIOUS,E4_model_domain,P1,ai_team,R03,assets/images/adasind_123090.jpg; submission/r3_diag/model_compare.html; submission/r1_craft/compare.html; submission/r3_diag/local_quality_conflicts.csv,keep_with_reason,v1.0.0,"Chan doan Codex sau QA: M6 Pedestrian lap tren rider L1/R3 Bike, gan trung M3; model tao nhan nguoi rieng tren xe."
r3_diag,B3-edge,adasind_128310.jpg,L4+R5,LR_noM,MISSING,E4_model_domain,P1,ai_team,R02,assets/images/adasind_128310.jpg; submission/r3_diag/model_compare.html; submission/r1_craft/compare.html; submission/r3_diag/local_quality_conflicts.csv,keep_with_reason,v1.0.0,"Chan doan Codex sau QA: Truck lon ben phai co L4/R5; M4 chi phu phan trai x704-878 nen khong dat IoU 0.5, khong phai model hoan toan bo sot."
r3_diag,B3-edge,adasind_128310.jpg,R4+M6,RM_noL,MISSING,E1_annotator_error,P1,annotator,R01,assets/images/adasind_128310.jpg; submission/r3_diag/model_compare.html; submission/r1_craft/compare.html; submission/r3_diag/local_quality_conflicts.csv,rework,v1.0.0,"Chan doan Codex sau QA: Car trang o giua x420-476 y925-991 co tren anh va R4/M6, chua co box L; them Car trong CVAT."
r3_diag,B3-edge,adasind_128310.jpg,M4,M_only,SPURIOUS,E4_model_domain,P1,ai_team,R02,assets/images/adasind_128310.jpg; submission/r3_diag/model_compare.html; submission/r1_craft/compare.html; submission/r3_diag/local_quality_conflicts.csv,keep_with_reason,v1.0.0,"Chan doan Codex sau QA: M4 Truck x704-878 la box cat mot phan Truck L4/R5 x704-1080; cell M_only do nguong IoU, khong phai vat moi."
r3_diag,B3-edge,adasind_199770.jpg,L7+R5,LR_noM,MISSING,E4_model_domain,P1,ai_team,R03,assets/images/adasind_199770.jpg; submission/r3_diag/model_compare.html; submission/r1_craft/compare.html; submission/r3_diag/local_quality_conflicts.csv,keep_with_reason,v1.0.0,Chan doan Codex sau QA: Bike nho mep trai co L7/R5; M5 gom vung lon hon va ghep sang xe ke ben. Can soat tach hai Bike tren anh.
r3_diag,B3-edge,adasind_199770.jpg,L4+R7,LR_noM,MISSING,E4_model_domain,P1,ai_team,R04,assets/images/adasind_199770.jpg; submission/r3_diag/model_compare.html; submission/r1_craft/compare.html; submission/r3_diag/local_quality_conflicts.csv,keep_with_reason,v1.0.0,Chan doan Codex sau QA: Truck x211-275 co L4/R7; model M6 goi cung vi tri la Car. Gia thuyet nham class o vat nho.
r3_diag,B3-edge,adasind_199770.jpg,L5+R2,LR_noM,MISSING,E4_model_domain,P1,ai_team,R04,assets/images/adasind_199770.jpg; submission/r3_diag/model_compare.html; submission/r1_craft/compare.html; submission/r3_diag/local_quality_conflicts.csv,keep_with_reason,v1.0.0,Chan doan Codex sau QA: ThreeWheeler bi cat mep trai co L5/R2; model M8 goi cung vi tri la Car.
r3_diag,B3-edge,adasind_199770.jpg,L2+R8,LR_noM,MISSING,E4_model_domain,P1,ai_team,R04,assets/images/adasind_199770.jpg; submission/r3_diag/model_compare.html; submission/r1_craft/compare.html; submission/r3_diag/local_quality_conflicts.csv,keep_with_reason,v1.0.0,Chan doan Codex sau QA: ThreeWheeler giua co L2/R8; model M13 gom vung rong va goi Car. Can xem them ca cung class truoc khi quy thanh loi mien.
r3_diag,B3-edge,adasind_199770.jpg,L3+M3,LM_noR,SPURIOUS,E5_unresolved,P1,qa,R02,assets/images/adasind_199770.jpg; submission/r3_diag/model_compare.html; submission/r1_craft/compare.html; submission/r3_diag/local_quality_conflicts.csv,escalate,v1.0.0,Chan doan Codex sau QA: L3 Bike x540-658 rong hon R9 x539-610; can phong to xem xe co keo den x658 hay box L lan vao Pedestrian L1.
r3_diag,B3-edge,adasind_199770.jpg,L6+M9,LM_noR,SPURIOUS,E5_unresolved,P1,qa,R01,assets/images/adasind_199770.jpg; submission/r3_diag/model_compare.html; submission/r1_craft/compare.html; submission/r3_diag/local_quality_conflicts.csv,escalate,v1.0.0,"Chan doan Codex sau QA: L6/M9 Pedestrian x352-371 cao 57 px, R khong co; can phong to anh goc xem day la nguoi hay cau truc xe."
r3_diag,B3-edge,adasind_199770.jpg,L8+M5,LM_noR,SPURIOUS,E5_unresolved,P1,qa,R02,assets/images/adasind_199770.jpg; submission/r3_diag/model_compare.html; submission/r1_craft/compare.html; submission/r3_diag/local_quality_conflicts.csv,escalate,v1.0.0,Chan doan Codex sau QA: L8/M5 Bike mep trai; R6 nam xe ke ben nhung IoU khong du. Can doi chieu tung rider/xe tren anh phong to.
r3_diag,B3-edge,adasind_199770.jpg,L9,L_only,SPURIOUS,E5_unresolved,P1,qa,R04,assets/images/adasind_199770.jpg; submission/r3_diag/model_compare.html; submission/r1_craft/compare.html; submission/r3_diag/local_quality_conflicts.csv,escalate,v1.0.0,Chan doan Codex sau QA: L9 ThreeWheeler x373-459 gan L2 x436-530; R8 gom x371-532. Can xac nhan day la hai xe rieng hay mot xe bi tach box.
r3_diag,B3-edge,adasind_199770.jpg,R3+M10,RM_noL,MISSING,E1_annotator_error,P1,annotator,R01,assets/images/adasind_199770.jpg; submission/r3_diag/model_compare.html; submission/r1_craft/compare.html; submission/r3_diag/local_quality_conflicts.csv,rework,v1.0.0,"Chan doan Codex sau QA: Pedestrian x847-905 y829-947 thay duoc ben phai tren anh; R3/M10 co, L thieu. Them box neu ngoai ignore hop le."
r3_diag,B3-edge,adasind_199770.jpg,R4,R_only,MISSING,E1_annotator_error,P0,annotator,R07,assets/images/adasind_199770.jpg; submission/r3_diag/model_compare.html; submission/r1_craft/compare.html; submission/r3_diag/local_quality_conflicts.csv,rework,v1.0.0,Chan doan Codex sau QA: ThreeWheeler mep phai x935-1080 y990-1300 bi polygon ego_body P4 ben L che nham. Bo polygon ego sai va ve box theo anh.
r3_diag,B3-edge,adasind_199770.jpg,R6,R_only,MISSING,E5_unresolved,P1,qa,R02,assets/images/adasind_199770.jpg; submission/r3_diag/model_compare.html; submission/r1_craft/compare.html; submission/r3_diag/local_quality_conflicts.csv,escalate,v1.0.0,"Chan doan Codex sau QA: R6 Bike x109-144 y839-882 gan hai box Bike L o mep trai; can phan bien xe thu hai va geometry, khong ket luan missing chi tu IoU."
r3_diag,B3-edge,adasind_199770.jpg,R9,R_only,MISSING,E5_unresolved,P1,qa,R02,assets/images/adasind_199770.jpg; submission/r3_diag/model_compare.html; submission/r1_craft/compare.html; submission/r3_diag/local_quality_conflicts.csv,escalate,v1.0.0,Chan doan Codex sau QA: R9 Bike x539-610 y880-997 co the ung voi L3 rong hon; can xem bien xe va rider truoc khi them box.
r3_diag,B3-edge,adasind_199770.jpg,M4,M_only,SPURIOUS,E4_model_domain,P0,ai_team,R09,assets/images/adasind_199770.jpg; submission/r3_diag/model_compare.html; submission/r1_craft/compare.html; submission/r3_diag/local_quality_conflicts.csv,keep_with_reason,v1.0.0,"Chan doan Codex sau QA: M4 Pedestrian x0-140 y987-1577 nam tren ego rider/xe ben trai, L ego_body ignore va anh goc cho thay do khong phai nguoi can box."
r3_diag,B3-edge,adasind_199770.jpg,M6,M_only,SPURIOUS,E4_model_domain,P1,ai_team,R04,assets/images/adasind_199770.jpg; submission/r3_diag/model_compare.html; submission/r1_craft/compare.html; submission/r3_diag/local_quality_conflicts.csv,keep_with_reason,v1.0.0,"Chan doan Codex sau QA: M6 Car x223-274 trung Truck L4/R7; can doi chieu class, model khong bo sot hinh hoc."
r3_diag,B3-edge,adasind_199770.jpg,M8,M_only,SPURIOUS,E4_model_domain,P1,ai_team,R04,assets/images/adasind_199770.jpg; submission/r3_diag/model_compare.html; submission/r1_craft/compare.html; submission/r3_diag/local_quality_conflicts.csv,keep_with_reason,v1.0.0,Chan doan Codex sau QA: M8 Car x0-82 trung ThreeWheeler L5/R2 bi cat mep; model nham class.
r3_diag,B3-edge,adasind_199770.jpg,M11,M_only,SPURIOUS,E4_model_domain,P2,ai_team,R01,assets/images/adasind_199770.jpg; submission/r3_diag/model_compare.html; submission/r1_craft/compare.html; submission/r3_diag/local_quality_conflicts.csv,keep_with_reason,v1.0.0,"Chan doan Codex sau QA: M11 Pedestrian x204-216 y828-858 cao 30 px, duoi H=40; cung vung L box ngan da bi QA nhac."
r3_diag,B3-edge,adasind_199770.jpg,M12,M_only,SPURIOUS,E5_unresolved,P2,qa,R01,assets/images/adasind_199770.jpg; submission/r3_diag/model_compare.html; submission/r1_craft/compare.html; submission/r3_diag/local_quality_conflicts.csv,escalate,v1.0.0,Chan doan Codex sau QA: M12 Pedestrian x676-706 y835-915 nam trong vung L1/R1 Pedestrian lon; can xem co nguoi thu hai hay model tach mot nguoi.
r3_diag,B3-edge,adasind_199770.jpg,M13,M_only,SPURIOUS,E4_model_domain,P1,ai_team,R04,assets/images/adasind_199770.jpg; submission/r3_diag/model_compare.html; submission/r1_craft/compare.html; submission/r3_diag/local_quality_conflicts.csv,keep_with_reason,v1.0.0,Chan doan Codex sau QA: M13 Car x373-530 chong ThreeWheeler L2/R8; gia thuyet model nham class va gom vung hai xe.
